{
  "activationConstraint" : "",
  "active" : true,
  "ars_properties" : null,
  "ars_relationships" : [ ],
  "autoUnwind" : false,
  "config" : {
    "camelRuntime" : {
      "appName" : "QueryGetTasks",
      "componentProperties" : [ {
        "componentName" : "salesforce",
        "componentProperties" : {
          "clientId" : "@secrets(sfClientId)",
          "clientSecret" : "@secrets(sfClientSecret)",
          "loginUrl" : "https://login.salesforce.com",
          "refreshToken" : "@secrets(sfRefreshToken)"
        }
      } ],
      "routesDocument" : "sfGetTasks.yml"
    }
  },
  "messageType" : null,
  "mockProcedures" : { },
  "name" : "sfsource",
  "type" : "CAMEL_CONNECTOR"
}