{
  "ars_relationships" : [ ],
  "links" : [ {
    "source" : "source/sfsource",
    "target" : "sourceimpl/CAMEL_CONNECTOR"
  }, {
    "source" : "procedure/getSFTasks",
    "target" : "source/sfsource"
  } ],
  "name" : "salesforceExample",
  "options" : {
    "description" : "",
    "dockCollapsed" : {
      "bottom" : false,
      "left" : false,
      "right" : false,
      "top" : false,
      "viewtabs" : false
    },
    "dockDimensions" : {
      "bottom" : 200,
      "debug" : [ 0, 0, 0 ],
      "left" : 210,
      "right" : 220,
      "top" : 0,
      "viewtabs" : 0
    },
    "dockSort" : 1,
    "filterBitArray" : "ffffffffffffffffffffffffffffffff",
    "isModeloProject" : true,
    "layoutStyle" : "tile",
    "rootViewFlavor" : 5,
    "showGrid" : true,
    "tileColumns" : 2,
    "tileRows" : 1,
    "type" : "dev",
    "v" : 5,
    "viewUUID" : "MAINVIEW"
  },
  "resources" : [ {
    "name" : "CAMEL_CONNECTOR",
    "resourceReference" : "/system.sourceimpls/CAMEL_CONNECTOR",
    "timestamp" : "2023-02-07T21:49:07.540Z",
    "type" : 69
  }, {
    "name" : "getSFTasks",
    "procedureName" : "getSFTasks",
    "resourceReference" : "/procedures/getSFTasks",
    "timestamp" : "2023-02-08T00:36:27.109Z",
    "type" : 3
  }, {
    "name" : "sfsource",
    "resourceReference" : "/sources/sfsource",
    "timestamp" : "2023-02-07T23:42:48.596Z",
    "type" : 4
  } ],
  "tools" : [ {
    "isPinned" : false,
    "name" : "Errors",
    "type" : 13
  }, {
    "dockLocation" : "top",
    "isPinned" : false,
    "name" : "Inactive Panes",
    "type" : 99
  }, {
    "isPinned" : false,
    "name" : "Project Contents",
    "type" : 2
  }, {
    "isPinned" : false,
    "name" : "getSFTasks",
    "pane" : {
      "c" : 1,
      "r" : 0
    },
    "resourceKey" : "procedure/getSFTasks",
    "state" : 2,
    "type" : 24
  }, {
    "isPinned" : false,
    "name" : "sfsource",
    "pane" : {
      "c" : 0,
      "r" : 0
    },
    "resourceKey" : "source/sfsource",
    "state" : 2,
    "type" : 5
  } ],
  "type" : "dev",
  "views" : [ {
    "name" : "Project Contents",
    "projectToolKeys" : [ "errorviewer/Errors", "tiledock/Inactive Panes", "list/Project Contents", "cmeditorprocedure/getSFTasks", "subsourceeditor/sfsource" ]
  } ]
}